2015/JUNE/19,22:51:16,0
2015/JUNE/19,22:51:21,0
2015/JUNE/19,22:51:26,0
2015/JUNE/19,22:51:31,0
2015/JUNE/19,22:51:36,0
2015/JUNE/19,22:51:41,0
2015/JUNE/19,22:51:46,0
2015/JUNE/19,22:51:51,0
2015/JUNE/19,22:51:56,12
2015/JUNE/19,22:52:1,25
2015/JUNE/19,22:52:6,28
2015/JUNE/19,22:52:12,28
2015/JUNE/19,22:52:16,28
2015/JUNE/19,22:52:21,28
2015/JUNE/19,22:52:26,28
2015/JUNE/19,22:52:31,28
2015/JUNE/19,22:52:37,28
2015/JUNE/19,22:52:41,28
2015/JUNE/19,22:52:46,74
2015/JUNE/19,22:52:51,74
2015/JUNE/19,22:52:56,74
2015/JUNE/19,22:53:1,74
2015/JUNE/19,22:53:6,85
2015/JUNE/19,22:53:11,90
